128a040	302	2026-09-14 02:20:00
e3e428a	305	2026-09-14 14:44:25
4e65ce4	306	2026-09-14 17:32:14
f388456	307	2026-09-14 17:34:02
01ca9a9	308	2026-09-14 18:11:31
a236329	309	2026-09-14 18:12:54
6b1f3c6	310	2026-09-14 21:26:03
501c33b	311	2026-09-14 21:27:29
a187ec5	312	2026-09-14 22:11:50
9a146a9	313	2026-09-14 22:13:04
2b04c84	316	2026-09-15 00:39:46
4cc12a9	317	2026-09-15 00:40:54
a318e6b	320	2026-09-15 01:02:14
dc1fbb8	321	2026-09-15 01:03:29
c580ebf	325	2026-09-15 01:44:50
8cf9acc	326	2026-09-15 01:45:41
6abc200	331	2026-09-15 17:04:06
ce7f3dd	334	2026-09-15 18:06:48
e595066	345	2026-09-15 20:04:05
0c65861	346	2026-09-15 20:06:58
e671537	347	2026-09-15 20:08:53
f1492a2	354	2026-09-15 22:37:11
a98c3fe	355	2026-09-15 22:39:00
d7026b8	360	2026-09-16 00:33:49
1fd0707	361	2026-09-16 00:35:28
2ac119c	364	2026-09-16 02:15:46
2eb5736	387	2026-09-16 03:43:08
